{
  "n_boot": 2000,
  "ci": {
    "random": {
      "n": 237,
      "auc_roc": {
        "point": 0.5,
        "ci_low": 0.5,
        "ci_high": 0.5
      },
      "auc_pr": {
        "point": 0.38396624472573837,
        "ci_low": 0.38396624472573837,
        "ci_high": 0.38396624472573837
      }
    },
    "cnn_single": {
      "n": 237,
      "auc_roc": {
        "point": 0.6040945356013849,
        "ci_low": 0.5300824175824176,
        "ci_high": 0.6780125696221585
      },
      "auc_pr": {
        "point": 0.5511640184316303,
        "ci_low": 0.469108330063887,
        "ci_high": 0.6408593594487635
      }
    },
    "mamba_locked": {
      "n": 237,
      "auc_roc": {
        "point": 0.7628330573536054,
        "ci_low": 0.697489838928195,
        "ci_high": 0.8256096643082944
      },
      "auc_pr": {
        "point": 0.6498029730183179,
        "ci_low": 0.5656326858168128,
        "ci_high": 0.7424955504489027
      }
    },
    "mamba_best_seed789": {
      "n": 237,
      "auc_roc": {
        "point": 0.8101008580460636,
        "ci_low": 0.7561267499623665,
        "ci_high": 0.8615102363390035
      },
      "auc_pr": {
        "point": 0.7223473099042598,
        "ci_low": 0.6380069803691423,
        "ci_high": 0.8061541114385885
      }
    },
    "mamba_ensemble": {
      "n": 237,
      "auc_roc": {
        "point": 0.8055095589342165,
        "ci_low": 0.7473280144513023,
        "ci_high": 0.85662915851272
      },
      "auc_pr": {
        "point": 0.7107981036812885,
        "ci_low": 0.6352408683605832,
        "ci_high": 0.7969251220956858
      }
    },
    "astronet_ensemble": {
      "n": 210,
      "auc_roc": {
        "point": 0.7159090909090909,
        "ci_low": 0.6442283411033412,
        "ci_high": 0.7788534382284383
      },
      "auc_pr": {
        "point": 0.5822820620076666,
        "ci_low": 0.5008573898604394,
        "ci_high": 0.6869405945481252
      }
    },
    "exomamba_v1_ensemble": {
      "n": 210,
      "auc_roc": {
        "point": 0.45954739704739705,
        "ci_low": 0.38174048174048175,
        "ci_high": 0.5414396367521366
      },
      "auc_pr": {
        "point": 0.37050324290505166,
        "ci_low": 0.31877469324982377,
        "ci_high": 0.4579232798229844
      }
    }
  },
  "pairwise": {
    "mamba_ensemble__vs__cnn_single": {
      "n": 237,
      "delong": {
        "auc_a": 0.8055095589342165,
        "auc_b": 0.6040945356013849,
        "delta": 0.20141502333283157,
        "z": 5.50273966762658,
        "p_value": 3.739343812370066e-08
      },
      "delta_ci": {
        "delta_point": 0.20141502333283157,
        "ci_low": 0.12915663104019268,
        "ci_high": 0.2759314315821164
      }
    },
    "mamba_ensemble__vs__mamba_locked": {
      "n": 237,
      "delong": {
        "auc_a": 0.8055095589342165,
        "auc_b": 0.7628330573536053,
        "delta": 0.042676501580611204,
        "z": 1.9742866437817654,
        "p_value": 0.048349158728911545
      },
      "delta_ci": {
        "delta_point": 0.04267650158061109,
        "ci_low": -9.220231822961903e-05,
        "ci_high": 0.0844592051783831
      }
    },
    "mamba_ensemble__vs__astronet_ensemble": {
      "n": 210,
      "delong": {
        "auc_a": 0.8026418026418027,
        "auc_b": 0.7159090909090908,
        "delta": 0.08673271173271191,
        "z": 2.551881400781873,
        "p_value": 0.01071429834022486
      },
      "delta_ci": {
        "delta_point": 0.08673271173271169,
        "ci_low": 0.021365093240093384,
        "ci_high": 0.1546255827505827
      }
    },
    "mamba_best_seed789__vs__cnn_single": {
      "n": 237,
      "delong": {
        "auc_a": 0.8101008580460636,
        "auc_b": 0.6040945356013849,
        "delta": 0.20600632244467865,
        "z": 5.250118937400655,
        "p_value": 1.5200103509194207e-07
      },
      "delta_ci": {
        "delta_point": 0.20600632244467865,
        "ci_low": 0.13063939485172357,
        "ci_high": 0.2854150986000301
      }
    },
    "astronet_ensemble__vs__cnn_single": {
      "n": 210,
      "delong": {
        "auc_a": 0.7159090909090908,
        "auc_b": 0.6067404817404818,
        "delta": 0.10916860916860904,
        "z": 2.616391523809244,
        "p_value": 0.008886459560964344
      },
      "delta_ci": {
        "delta_point": 0.10916860916860915,
        "ci_low": 0.030303030303030273,
        "ci_high": 0.18852224164724152
      }
    },
    "astronet_ensemble__vs__exomamba_v1_ensemble": {
      "n": 210,
      "delong": {
        "auc_a": 0.7159090909090908,
        "auc_b": 0.45954739704739705,
        "delta": 0.2563616938616938,
        "z": 4.9082956240634426,
        "p_value": 9.187129994536747e-07
      },
      "delta_ci": {
        "delta_point": 0.2563616938616939,
        "ci_low": 0.1603256118881119,
        "ci_high": 0.3619002525252525
      }
    }
  }
}